ids,Source,Target,weight,time
1,1,2,30,1
2,1,3,104,1
3,1,4,2,1
4,5,6,165,1
5,5,7,100,1
6,5,8,630,1
7,5,9,261,1
8,5,2,39,1
9,5,10,329,1
10,5,11,115,1
11,12,13,1412,1
12,12,14,675,1
13,12,4,180,1
14,12,15,14,1
15,12,16,30,1
16,12,17,3,1
17,15,17,13,1
18,15,3,12,1
19,15,13,145,1
20,15,4,160,1
21,8,11,119,1
22,8,9,18,1
23,16,18,14,1
24,16,19,5,1
25,16,20,49,1
26,16,13,47,1
27,16,14,99,1
28,16,4,17,1
29,16,21,137,1
30,16,17,31,1
31,9,6,8202,1
32,9,7,446,1
33,9,22,12,1
34,9,17,114,1
35,9,11,52,1
36,2,17,2,1
37,2,6,14,1
38,10,20,6,1
39,22,17,114,1
40,22,19,3,1
41,21,18,2136,1
42,21,17,45,1
43,21,19,119759,1
44,17,18,19,1
45,17,19,33,1
46,17,14,92,1
47,17,7,16,1
48,17,4,30,1
49,17,11,7,1
50,11,18,5,1
51,11,19,264,1
52,11,6,46,1
53,11,7,548,1
54,18,19,1201,1
55,18,20,14,1
56,19,23,9,1
57,19,13,34,1
58,19,7,26,1
59,3,13,27,1
60,13,14,13673,1
61,13,4,211,1
62,14,4,83,1
63,6,7,33,1
64,18,20,16101,10
65,18,3,56,10
66,18,4,3859,10
67,18,7,745,10
68,18,24,298,10
69,18,16,79,10
70,18,2,72,10
71,18,22,451,10
72,18,11,401,10
73,19,8,3,10
74,19,17,141,10
75,19,22,85,10
76,19,21,18,10
77,20,4,5858,10
78,20,7,784,10
79,20,24,56,10
80,20,16,185,10
81,20,2,66,10
82,20,22,412,10
83,20,11,2,10
84,23,24,23,10
85,23,3,727,10
86,23,11,87,10
87,23,7,122,10
88,3,13,20,10
89,3,4,39,10
90,13,24,3,10
91,13,14,6763,10
92,13,21,26,10
93,14,8,141,10
94,14,9,183,10
95,4,7,959,10
96,4,24,301,10
97,4,16,1122,10
98,4,2,3538,10
99,4,22,505,10
100,4,11,47,10
101,7,16,57,10
102,7,2,33,10
103,7,22,90,10
104,7,11,8,10
105,8,22,313,10
106,24,9,4,10
107,24,2,76,10
108,24,11,245,10
109,2,22,19420,10
110,10,17,2,10
111,10,21,57,10
112,22,11,1495,10
113,21,17,21,10
114,18,24,24,11
115,18,20,1164,11
116,18,11,792,11
117,18,7,1769,11
118,18,4,6405,11
119,19,10,32,11
120,19,21,3,11
121,20,4,58917,11
122,20,7,213,11
123,20,24,101,11
124,20,16,18,11
125,20,9,18,11
126,20,2,45,11
127,20,22,36,11
128,23,24,2,11
129,23,3,729,11
130,23,7,10,11
131,3,14,3,11
132,13,8,26,11
133,13,17,2,11
134,13,9,112,11
135,13,14,6569,11
136,14,8,98,11
137,14,9,831,11
138,4,7,179,11
139,4,24,141,11
140,4,2,1023,11
141,4,22,64,11
142,4,11,66,11
143,7,24,10,11
144,7,2,169,11
145,8,9,22,11
146,8,10,107,11
147,24,16,591,11
148,24,2,289,11
149,24,10,23,11
150,24,11,12,11
151,16,2,15,11
152,9,22,122,11
153,9,21,94,11
154,2,10,8,11
155,2,22,173429,11
156,10,21,506,11
157,10,17,905,11
158,22,11,10,11
159,21,17,147,11
160,18,20,726,12
161,18,23,146,12
162,18,3,205,12
163,18,4,638,12
164,18,7,904,12
165,18,24,5,12
166,18,2,51,12
167,19,17,11,12
168,19,10,660,12
169,20,4,763,12
170,20,24,44,12
171,20,16,280,12
172,20,2,1249,12
173,20,11,410,12
174,23,7,43,12
175,23,3,880,12
176,23,4,81,12
177,13,8,22,12
178,13,14,5711,12
179,14,8,251,12
180,14,9,77752,12
181,4,7,2402,12
182,4,24,597,12
183,4,16,738,12
184,4,2,9802,12
185,4,22,1696,12
186,4,11,226,12
187,7,24,67,12
188,7,16,4,12
189,7,2,275,12
190,7,11,6,12
191,8,9,15,12
192,24,16,451,12
193,24,2,251,12
194,24,22,458,12
195,24,11,153,12
196,16,2,7,12
197,16,22,414,12
198,16,11,6,12
199,9,17,10,12
200,2,10,4,12
201,2,22,31452,12
202,2,21,81,12
203,10,17,45,12
204,22,21,340,12
205,22,17,240,12
206,22,11,933,12
207,21,11,60,12
208,18,20,1039,13
209,18,23,21,13
210,18,3,62,13
211,18,4,1411,13
212,18,7,110,13
213,18,16,249,13
214,18,2,66,13
215,18,22,33,13
216,19,11,17,13
217,19,16,66,13
218,19,10,351,13
219,20,3,54,13
220,20,4,7010,13
221,20,7,1061,13
222,20,24,89,13
223,20,16,962,13
224,20,2,1739,13
225,20,21,6,13
226,20,11,16,13
227,23,24,79,13
228,23,3,46,13
229,23,4,33,13
230,3,4,79,13
231,3,7,6,13
232,3,11,15,13
233,13,8,51,13
234,13,9,31,13
235,13,2,183,13
236,13,14,4432,13
237,14,8,573,13
238,14,9,155,13
239,4,7,451,13
240,4,24,1330,13
241,4,16,3331,13
242,4,2,47529,13
243,4,22,195,13
244,4,21,563,13
245,4,11,231,13
246,7,16,847,13
247,7,2,157,13
248,7,11,684,13
249,8,9,2352,13
250,24,16,280,13
251,24,2,49,13
252,24,22,347,13
253,24,11,110,13
254,16,2,745,13
255,16,10,119,13
256,16,22,467,13
257,16,17,63,13
258,16,11,358,13
259,9,21,1877,13
260,2,22,58693,13
261,2,21,29,13
262,2,11,334,13
263,10,17,236,13
264,22,21,150,13
265,18,20,780,14
266,18,3,2637,14
267,18,14,2070,14
268,18,24,243,14
269,18,16,70,14
270,18,2,222,14
271,18,11,111,14
272,19,24,127,14
273,19,2,93,14
274,19,10,2142,14
275,19,22,321,14
276,19,21,697,14
277,19,17,2130,14
278,20,23,24,14
279,20,3,9591,14
280,20,13,111,14
281,20,14,453,14
282,20,24,134,14
283,20,16,1897,14
284,20,2,4413,14
285,20,11,14,14
286,23,3,162,14
287,23,14,34,14
288,3,14,1609,14
289,3,24,803,14
290,3,16,1429,14
291,3,2,142503,14
292,3,22,2034,14
293,3,11,3130,14
294,13,8,180,14
295,13,9,182,14
296,13,10,2,14
297,13,4,81937,14
298,14,24,31,14
299,14,16,409,14
300,14,2,240,14
301,14,11,282,14
302,4,8,553,14
303,4,24,163,14
304,4,9,96,14
305,8,9,3449,14
306,24,16,899,14
307,24,2,65,14
308,24,10,90,14
309,24,22,284,14
310,24,21,561,14
311,24,11,334,14
312,16,2,733,14
313,16,22,662,14
314,16,21,53,14
315,16,11,32,14
316,2,22,8357,14
317,2,21,6,14
318,2,11,316,14
319,10,17,6205,14
320,10,22,229,14
321,22,17,219,14
322,22,11,19,14
323,21,17,284,14
324,18,20,816,15
325,18,23,613,15
326,18,3,10453,15
327,18,14,1329,15
328,18,24,631,15
329,18,2,187,15
330,18,11,50,15
331,19,24,241,15
332,19,2,23,15
333,19,3,114,15
334,20,3,321495,15
335,20,14,1183,15
336,20,24,54,15
337,20,2,8993,15
338,20,10,94,15
339,20,22,101,15
340,23,3,973,15
341,3,14,3603,15
342,3,24,249,15
343,3,2,180091,15
344,3,22,28,15
345,3,21,459,15
346,3,11,64,15
347,13,4,156356,15
348,13,8,21,15
349,13,24,2,15
350,13,16,260,15
351,13,9,220,15
352,13,17,12,15
353,14,2,115,15
354,4,8,282,15
355,4,24,139,15
356,4,9,73649,15
357,8,9,2047,15
358,24,10,59,15
359,24,21,2005,15
360,24,17,181,15
361,24,11,581,15
362,16,11,31,15
363,16,2,17,15
364,16,22,197,15
365,9,21,30,15
366,2,22,66678,15
367,2,21,99,15
368,2,11,73,15
369,10,17,372,15
370,22,21,465,15
371,22,11,22,15
372,17,11,1329,15
373,18,20,6224,16
374,18,3,17206,16
375,18,14,136,16
376,18,24,1062,16
377,18,2,45,16
378,18,11,2011,16
379,19,17,22,16
380,19,10,371,16
381,19,22,161,16
382,19,21,421,16
383,20,3,170055,16
384,20,24,2981,16
385,20,16,4,16
386,20,2,7551,16
387,20,22,32,16
388,20,11,74,16
389,3,14,140,16
390,3,24,2720,16
391,3,2,93330,16
392,3,22,977,16
393,3,11,876,16
394,13,8,1143,16
395,13,9,54,16
396,13,4,150376,16
397,4,8,69094,16
398,4,9,8190,16
399,4,21,35,16
400,8,24,22,16
401,8,9,41651,16
402,24,16,53,16
403,24,22,95,16
404,24,17,362,16
405,24,11,104,16
406,16,9,14,16
407,16,2,83,16
408,16,22,226,16
409,16,21,28,16
410,16,11,259,16
411,2,22,86827,16
412,2,11,8,16
413,22,21,395,16
414,22,11,117,16
415,18,11,10,17
416,18,16,367,17
417,18,3,4089,17
418,18,20,2263,17
419,19,17,1088,17
420,19,22,40,17
421,20,11,496,17
422,20,16,1317,17
423,20,2,382,17
424,20,3,242535,17
425,3,14,45,17
426,3,16,180,17
427,3,2,85865,17
428,3,22,203,17
429,3,11,12,17
430,13,8,209,17
431,13,24,9,17
432,13,9,17790,17
433,13,4,164928,17
434,4,8,43,17
435,24,11,513,17
436,16,9,146,17
437,16,2,65,17
438,16,22,869,17
439,16,21,75229,17
440,16,11,173,17
441,2,11,58,17
442,2,22,129536,17
443,22,21,1445,17
444,22,11,515,17
445,18,11,31,18
446,18,20,16688,18
447,18,4,3190,18
448,20,24,120,18
449,20,2,1086,18
450,20,11,439,18
451,20,4,61418,18
452,23,13,54,18
453,3,8,21,18
454,3,9,11,18
455,3,14,4773,18
456,14,8,2286,18
457,14,9,959,18
458,4,7,38,18
459,4,24,189,18
460,4,2,277764,18
461,4,22,1382,18
462,4,11,1727,18
463,8,9,1328,18
464,24,11,126,18
465,24,2,33,18
466,24,22,368,18
467,16,11,68,18
468,2,11,128,18
469,2,22,169151,18
470,22,11,47,18
471,18,11,6,19
472,18,20,106096,19
473,18,4,1484,19
474,18,2,10,19
475,18,7,72,19
476,19,17,22,19
477,19,10,5,19
478,20,11,24,19
479,20,4,357401,19
480,20,2,1047,19
481,20,7,21,19
482,3,8,13,19
483,3,9,50,19
484,3,22,2,19
485,3,14,5117,19
486,13,17,40,19
487,13,24,105,19
488,13,22,52,19
489,14,8,176369,19
490,14,9,323,19
491,4,7,3,19
492,4,24,112,19
493,4,2,230308,19
494,4,22,3998,19
495,4,21,557,19
496,4,11,12,19
497,24,9,991,19
498,24,2,86,19
499,24,22,199,19
500,24,21,106,19
501,9,2,3,19
502,2,22,156373,19
503,2,21,52,19
504,22,21,671,19
505,22,11,203,19
506,1,4,24,2
507,5,8,161,2
508,5,11,233,2
509,5,9,68,2
510,5,7,1360,2
511,5,6,19,2
512,12,18,54,2
513,12,19,12,2
514,12,13,754,2
515,12,14,508,2
516,12,4,25,2
517,12,16,136,2
518,15,4,37,2
519,8,11,270,2
520,8,9,63,2
521,8,7,575,2
522,16,18,15,2
523,16,19,191,2
524,16,13,137,2
525,16,14,469,2
526,16,4,10,2
527,16,21,17,2
528,9,6,105856,2
529,9,7,378,2
530,9,22,31,2
531,9,11,162,2
532,2,6,561,2
533,10,20,14,2
534,10,23,29,2
535,22,19,31,2
536,22,20,65,2
537,22,21,18,2
538,21,18,3287,2
539,21,19,54558,2
540,21,20,89,2
541,21,23,12,2
542,21,11,98,2
543,11,18,149,2
544,11,19,63,2
545,11,7,532,2
546,18,19,3889,2
547,18,20,1835,2
548,19,23,9,2
549,19,3,174,2
550,19,13,38,2
551,20,23,22,2
552,3,13,2,2
553,13,14,7349,2
554,13,4,134,2
555,14,4,48,2
556,18,11,6,20
557,18,20,106096,20
558,18,4,1484,20
559,18,2,10,20
560,18,7,72,20
561,19,17,22,20
562,19,10,5,20
563,20,11,24,20
564,20,4,357401,20
565,20,2,1047,20
566,20,7,21,20
567,3,8,13,20
568,3,9,50,20
569,3,22,2,20
570,3,14,5117,20
571,13,17,40,20
572,13,24,105,20
573,13,22,52,20
574,14,8,176369,20
575,14,9,323,20
576,4,7,3,20
577,4,24,112,20
578,4,2,230308,20
579,4,22,3998,20
580,4,21,557,20
581,4,11,12,20
582,24,9,991,20
583,24,2,86,20
584,24,22,199,20
585,24,21,106,20
586,9,2,3,20
587,2,22,156373,20
588,2,21,52,20
589,22,21,671,20
590,22,11,203,20
591,18,7,162,21
592,18,20,4328,21
593,18,4,11338,21
594,19,2,94,21
595,20,11,97,21
596,20,4,336157,21
597,23,13,235,21
598,3,9,4,21
599,3,14,135793,21
600,14,8,5804,21
601,14,2,8,21
602,14,9,5236,21
603,14,22,47,21
604,4,7,63,21
605,4,2,329050,21
606,4,22,791,21
607,8,9,1110,21
608,16,2,54,21
609,2,22,133529,21
610,2,21,10211,21
611,10,17,62,21
612,22,21,6486,21
613,18,20,519810,22
614,18,4,33375,22
615,18,7,11,22
616,18,24,62,22
617,18,16,542,22
618,18,2,4,22
619,19,17,49,22
620,19,2,46,22
621,19,22,176,22
622,20,4,41735,22
623,20,7,71,22
624,20,16,769,22
625,20,2,2178,22
626,20,11,17,22
627,3,8,116346,22
628,3,14,338878,22
629,14,8,241696,22
630,14,21,78,22
631,4,7,205,22
632,4,16,746,22
633,4,2,322769,22
634,4,21,85,22
635,4,11,1218,22
636,7,16,62,22
637,7,22,23,22
638,16,2,73363,22
639,16,21,151,22
640,16,11,13,22
641,2,22,173525,22
642,2,21,36017,22
643,10,17,391,22
644,22,21,29371,22
645,22,11,16,22
646,18,20,108783,23
647,18,23,12,23
648,18,13,2730,23
649,18,4,273,23
650,18,24,218,23
651,18,16,1022,23
652,18,2,57,23
653,18,11,79,23
654,20,16,90,23
655,20,2,2588,23
656,20,13,155887,23
657,20,21,16,23
658,23,13,55,23
659,3,8,2005,23
660,3,16,1477,23
661,3,9,3944,23
662,13,24,242,23
663,13,16,77473,23
664,13,2,54943,23
665,13,22,563,23
666,13,21,253,23
667,13,11,489,23
668,8,9,156,23
669,24,16,153,23
670,24,2,12,23
671,24,22,211,23
672,16,2,72676,23
673,16,22,621,23
674,2,22,45538,23
675,2,21,26648,23
676,22,21,104247,23
677,22,11,79,23
678,18,19,184,24
679,18,20,276,24
680,18,3,96,24
681,19,20,16837,24
682,19,23,227902,24
683,19,3,670,24
684,19,13,4,24
685,19,24,62,24
686,19,16,1392,24
687,19,2,136,24
688,19,21,74,24
689,19,11,3,24
690,20,23,249203,24
691,20,3,652,24
692,20,24,292,24
693,20,16,577627,24
694,20,2,3654,24
695,20,22,183,24
696,20,11,398,24
697,23,3,159,24
698,23,24,663,24
699,23,16,78820,24
700,23,2,4274,24
701,23,22,9,24
702,23,21,117,24
703,23,11,144,24
704,3,24,521,24
705,3,16,3372,24
706,3,11,305,24
707,13,8,100381,24
708,13,16,233,24
709,13,9,22021,24
710,8,16,243,24
711,8,9,1426,24
712,24,16,3351,24
713,24,2,13,24
714,24,22,75,24
715,16,2,2113,24
716,16,22,51,24
717,2,22,2342,24
718,22,21,944,24
719,18,24,7017,25
720,18,16,17,25
721,18,2,2,25
722,18,11,82,25
723,18,19,33,25
724,19,20,4394,25
725,19,23,172224,25
726,19,3,674,25
727,19,24,1462,25
728,19,16,3606,25
729,19,2,214,25
730,19,21,272,25
731,19,11,621,25
732,20,23,1655,25
733,20,3,14190,25
734,20,24,141,25
735,20,16,604800,25
736,20,2,3678,25
737,20,21,684,25
738,20,11,59,25
739,23,3,335,25
740,23,16,367,25
741,23,2,1374,25
742,23,21,4545,25
743,23,11,164,25
744,3,2,202,25
745,3,16,5215,25
746,13,9,358074,25
747,24,16,263,25
748,24,22,118,25
749,16,2,523,25
750,2,22,737,25
751,2,21,523,25
752,2,11,46,25
753,10,17,354,25
754,21,17,49,25
755,18,19,154,26
756,18,20,427,26
757,18,23,10,26
758,18,16,694,26
759,18,2,6,26
760,18,11,5,26
761,19,20,28177,26
762,19,23,192921,26
763,19,3,12035,26
764,19,24,804,26
765,19,16,219,26
766,19,2,42,26
767,19,11,27,26
768,20,23,426218,26
769,20,3,1164,26
770,20,13,81,26
771,20,24,1807,26
772,20,16,598254,26
773,20,2,2634,26
774,20,21,897,26
775,20,17,601,26
776,20,11,76,26
777,23,3,133,26
778,23,24,2671,26
779,23,16,418977,26
780,23,11,108,26
781,3,24,42,26
782,3,16,46,26
783,3,2,525,26
784,13,8,2533,26
785,13,9,23696,26
786,8,9,171,26
787,24,16,271,26
788,24,22,85,26
789,24,21,241,26
790,16,2,560,26
791,2,22,899,26
792,2,21,226,26
793,2,11,451,26
794,10,17,409,26
795,10,21,2232,26
796,21,17,64,26
797,18,11,122172,27
798,18,16,27,27
799,18,23,71,27
800,18,19,25,27
801,19,23,8604,27
802,19,13,108,27
803,19,24,382,27
804,19,16,2388,27
805,19,2,3088,27
806,19,11,15,27
807,20,8,18,27
808,20,9,95125,27
809,23,13,63993,27
810,23,24,748,27
811,23,16,142728,27
812,23,2,3392,27
813,23,21,92,27
814,23,11,118,27
815,13,2,1087,27
816,13,11,857,27
817,13,24,107,27
818,24,16,113,27
819,16,2,269399,27
820,2,21,266,27
821,2,11,252,27
822,10,17,369,27
823,21,17,867,27
824,18,19,361,28
825,18,23,12781,28
826,18,13,10,28
827,18,24,113,28
828,18,16,4,28
829,18,2,7,28
830,18,11,513607,28
831,19,23,132509,28
832,19,13,195,28
833,19,24,83,28
834,19,16,2256,28
835,19,2,333,28
836,19,11,658,28
837,20,8,99,28
838,20,9,4,28
839,23,13,1038,28
840,23,16,468,28
841,23,2,299602,28
842,23,11,48,28
843,13,16,64,28
844,13,2,168,28
845,24,21,948,28
846,24,11,138,28
847,16,2,242429,28
848,2,22,705,28
849,10,17,229,28
850,21,17,149989,28
851,18,19,587518,29
852,18,16,620,29
853,18,23,96,29
854,18,2,194,29
855,18,13,77,29
856,19,23,52605,29
857,19,13,30,29
858,19,24,73,29
859,19,16,4318,29
860,19,2,3427,29
861,20,8,1271,29
862,20,9,3,29
863,23,13,76,29
864,23,24,48,29
865,23,16,534,29
866,23,2,144528,29
867,13,2,7,29
868,13,24,68,29
869,16,2,46899,29
870,2,22,874,29
871,21,17,374802,29
872,1,4,2,3
873,5,8,14,3
874,5,11,11,3
875,5,9,15,3
876,5,7,8,3
877,5,6,3,3
878,12,19,18,3
879,12,3,2,3
880,12,13,30,3
881,12,14,6,3
882,12,4,9,3
883,12,16,6,3
884,15,16,2,3
885,15,3,2,3
886,15,13,2,3
887,15,4,6,3
888,8,11,2,3
889,8,7,9,3
890,16,18,2,3
891,16,3,3,3
892,16,13,2,3
893,16,14,13,3
894,16,17,4,3
895,9,6,14,3
896,9,11,6,3
897,9,7,7,3
898,2,4,2,3
899,10,11,17,3
900,10,20,12,3
901,10,23,2,3
902,10,7,1,3
903,22,17,12,3
904,22,21,3,3
905,21,17,2,3
906,21,19,41,3
907,21,18,1,3
908,17,23,3,3
909,11,20,13,3
910,11,6,1,3
911,11,7,6,3
912,18,19,16,3
913,19,3,2,3
914,19,13,4,3
915,19,14,6,3
916,20,23,2,3
917,3,4,2,3
918,3,6,2,3
919,13,14,282,3
920,13,4,12,3
921,14,4,3,3
922,18,19,604800,30
923,18,16,364321,30
924,18,23,558,30
925,18,2,179,30
926,18,13,58,30
927,19,23,4912,30
928,19,13,372,30
929,19,24,616,30
930,19,16,271724,30
931,19,2,1271,30
932,19,11,627,30
933,23,16,1587,30
934,23,13,451,30
935,23,11,1143,30
936,13,24,1912,30
937,13,2,102,30
938,13,11,723,30
939,16,2,1008,30
940,2,11,135,30
941,18,24,102,31
942,18,16,510556,31
943,18,23,198092,31
944,18,2,53648,31
945,18,19,909,31
946,19,23,1812,31
947,19,24,127534,31
948,19,16,91156,31
949,19,2,600,31
950,19,11,6556,31
951,23,24,172,31
952,23,16,8012,31
953,23,2,1554,31
954,23,11,387,31
955,24,16,228,31
956,24,2,33033,31
957,24,22,38,31
958,24,11,22,31
959,16,2,76476,31
960,2,22,6,31
961,2,21,65,31
962,2,17,26,31
963,2,11,256,31
964,18,11,8791,32
965,18,16,27,32
966,18,23,16918,32
967,18,19,257631,32
968,19,23,1751,32
969,19,24,149822,32
970,19,16,9632,32
971,19,2,6132,32
972,19,11,72616,32
973,23,24,12203,32
974,23,16,17055,32
975,23,2,2014,32
976,23,11,8294,32
977,8,9,75695,32
978,8,22,693,32
979,24,16,33,32
980,24,2,99327,32
981,24,22,895,32
982,24,11,226,32
983,16,2,12846,32
984,2,21,1078,32
985,2,17,24,32
986,2,11,11854,32
987,10,22,561,32
988,22,17,2065,32
989,22,21,3162,32
990,21,17,180034,32
991,18,19,45457,33
992,18,23,2424,33
993,18,24,1403,33
994,18,16,189,33
995,18,2,63275,33
996,18,22,857,33
997,18,21,15,33
998,18,11,8,33
999,19,23,1692,33
1000,19,24,10359,33
1001,19,16,68,33
1002,19,2,3669,33
1003,19,22,28,33
1004,19,21,1546,33
1005,19,11,46975,33
1006,23,24,9153,33
1007,23,16,41,33
1008,23,2,556,33
1009,23,11,115083,33
1010,8,9,55034,33
1011,8,22,110315,33
1012,24,16,25,33
1013,24,2,36871,33
1014,24,22,1550,33
1015,16,9,35,33
1016,16,2,167,33
1017,16,22,992,33
1018,16,11,61,33
1019,9,2,181,33
1020,9,22,5212,33
1021,2,10,22,33
1022,2,22,559,33
1023,2,21,41760,33
1024,2,17,2131,33
1025,2,11,10130,33
1026,10,17,16,33
1027,22,21,9168,33
1028,22,17,120,33
1029,21,17,35,33
1030,18,24,165,34
1031,18,2,349341,34
1032,18,22,168,34
1033,18,19,1985,34
1034,19,23,1964,34
1035,19,24,5,34
1036,19,16,5028,34
1037,19,2,246,34
1038,19,10,32,34
1039,19,21,1446,34
1040,19,11,6216,34
1041,23,16,62,34
1042,23,11,67770,34
1043,23,24,137088,34
1044,8,9,27154,34
1045,8,22,14389,34
1046,16,2,18926,34
1047,16,22,1373,34
1048,9,22,164724,34
1049,2,21,3,34
1050,2,17,3733,34
1051,2,11,25,34
1052,10,17,161,34
1053,10,21,92,34
1054,22,17,11393,34
1055,21,17,108,34
1056,18,11,99669,35
1057,18,23,65338,35
1058,18,22,119,35
1059,18,4,100156,35
1060,20,8,352976,35
1061,20,22,25194,35
1062,23,24,77075,35
1063,23,16,47220,35
1064,23,11,11659,35
1065,23,4,785,35
1066,13,8,96256,35
1067,13,24,63,35
1068,13,22,115,35
1069,4,24,125,35
1070,8,9,233868,35
1071,8,22,38,35
1072,24,11,273168,35
1073,16,22,69,35
1074,9,22,67206,35
1075,10,17,16,35
1076,10,21,248,35
1077,22,17,33,35
1078,21,17,134537,35
1079,18,24,355327,36
1080,18,16,549,36
1081,18,23,30,36
1082,18,22,79,36
1083,18,21,811,36
1084,20,8,86770,36
1085,20,24,8,36
1086,20,22,62027,36
1087,23,4,37,36
1088,23,24,878,36
1089,23,16,49,36
1090,23,10,3,36
1091,23,21,38,36
1092,23,11,37,36
1093,13,8,61465,36
1094,13,22,44,36
1095,8,9,52928,36
1096,8,22,181756,36
1097,24,16,11,36
1098,16,9,177,36
1099,16,11,88,36
1100,9,22,26201,36
1101,10,21,149,36
1102,21,17,51592,36
1103,21,11,76,36
1104,18,24,78,37
1105,18,23,84,37
1106,18,11,66,37
1107,18,4,291,37
1108,20,24,70,37
1109,20,22,40375,37
1110,23,17,11,37
1111,23,16,333,37
1112,23,24,2992,37
1113,13,24,86,37
1114,13,22,1676,37
1115,8,22,177387,37
1116,24,22,26,37
1117,24,11,8,37
1118,9,22,35082,37
1119,10,17,289,37
1120,10,21,180,37
1121,21,17,604800,37
1122,18,24,56842,38
1123,18,16,4,38
1124,18,23,60,38
1125,20,24,84,38
1126,20,22,11321,38
1127,23,24,178,38
1128,23,16,595,38
1129,23,4,3,38
1130,13,8,27,38
1131,13,9,1716,38
1132,13,22,245,38
1133,8,22,8993,38
1134,24,22,6,38
1135,16,9,46,38
1136,16,22,8,38
1137,9,22,171,38
1138,10,17,2,38
1139,18,4,38,39
1140,20,8,78,39
1141,20,3,3256,39
1142,20,13,10393,39
1143,20,22,5397,39
1144,23,16,34,39
1145,23,9,35963,39
1146,23,21,15,39
1147,3,13,249999,39
1148,3,22,15644,39
1149,13,8,202,39
1150,13,24,497,39
1151,13,22,196,39
1152,4,16,301,39
1153,8,9,10,39
1154,8,22,207,39
1155,24,16,137,39
1156,24,22,203,39
1157,16,11,10,39
1158,9,22,190,39
1159,10,17,584,39
1160,1,17,6,4
1161,1,24,3,4
1162,5,8,4,4
1163,5,11,17,4
1164,5,7,10,4
1165,12,18,2,4
1166,12,3,2,4
1167,12,13,43,4
1168,12,14,29,4
1169,12,4,6,4
1170,12,16,1,4
1171,12,22,8,4
1172,12,21,2,4
1173,15,16,1,4
1174,15,3,2,4
1175,15,13,2,4
1176,15,14,2,4
1177,8,11,8,4
1178,8,9,19,4
1179,8,7,5,4
1180,24,18,1,4
1181,24,3,2,4
1182,24,14,4,4
1183,24,9,3,4
1184,24,17,9,4
1185,16,18,11,4
1186,16,19,2,4
1187,16,3,18,4
1188,16,13,4,4
1189,16,7,4,4
1190,16,14,6,4
1191,16,22,2,4
1192,16,21,2,4
1193,16,17,5,4
1194,16,10,6,4
1195,9,18,10,4
1196,9,19,3,4
1197,9,13,2,4
1198,9,14,4,4
1199,9,10,2,4
1200,9,22,4,4
1201,9,21,2,4
1202,9,17,5,4
1203,9,11,3,4
1204,2,6,19,4
1205,2,7,1,4
1206,10,18,4,4
1207,10,19,8,4
1208,10,23,2,4
1209,10,3,30,4
1210,10,7,1,4
1211,10,22,20,4
1212,10,21,1,4
1213,10,17,7,4
1214,10,11,2,4
1215,22,18,3,4
1216,22,19,11,4
1217,22,20,7,4
1218,22,3,23,4
1219,22,13,4,4
1220,22,7,4,4
1221,22,21,14,4
1222,22,17,6,4
1223,22,11,2,4
1224,22,14,4,4
1225,21,18,22,4
1226,21,19,195,4
1227,21,20,2,4
1228,21,3,2,4
1229,21,13,2,4
1230,21,7,2,4
1231,21,17,1,4
1232,21,14,9,4
1233,17,18,5,4
1234,17,20,1,4
1235,17,13,24,4
1236,17,14,5,4
1237,17,3,3,4
1238,11,3,2,4
1239,11,6,2,4
1240,11,7,12,4
1241,18,19,21,4
1242,18,20,1,4
1243,18,3,10,4
1244,18,13,2,4
1245,18,7,22,4
1246,18,14,2,4
1247,19,20,4,4
1248,19,3,10,4
1249,19,13,2,4
1250,19,7,8,4
1251,20,23,2,4
1252,20,3,6,4
1253,3,14,1,4
1254,3,6,4,4
1255,3,7,17,4
1256,3,4,10,4
1257,13,14,134,4
1258,13,4,4,4
1259,6,7,2,4
1260,18,8,107,40
1261,18,17,106,40
1262,18,10,589,40
1263,18,22,277,40
1264,20,9,6,40
1265,20,21,1174,40
1266,20,23,11,40
1267,20,4,3,40
1268,23,21,17164,40
1269,23,9,26,40
1270,23,3,3623,40
1271,23,4,23392,40
1272,3,9,673,40
1273,3,16,4,40
1274,3,21,2285,40
1275,3,4,509880,40
1276,13,16,8,40
1277,13,21,910,40
1278,14,8,767,40
1279,14,10,135,40
1280,4,16,22,40
1281,4,9,778,40
1282,4,10,2403,40
1283,4,21,16873,40
1284,4,17,239,40
1285,8,10,118,40
1286,8,22,26,40
1287,24,22,15670,40
1288,16,17,8,40
1289,16,21,810,40
1290,9,21,712,40
1291,2,22,382,40
1292,10,22,12,40
1293,10,21,200,40
1294,10,17,60,40
1295,18,8,20,41
1296,18,17,13,41
1297,18,10,116419,41
1298,18,14,1268,41
1299,19,14,34,41
1300,20,23,227,41
1301,20,3,156,41
1302,20,13,9,41
1303,20,4,955,41
1304,20,16,15,41
1305,20,9,41,41
1306,20,10,42,41
1307,20,21,1296,41
1308,23,3,30639,41
1309,23,13,70,41
1310,23,4,61503,41
1311,23,16,80,41
1312,23,10,1447,41
1313,23,21,52332,41
1314,23,17,254,41
1315,3,13,2254,41
1316,3,4,200051,41
1317,3,8,635,41
1318,3,16,238,41
1319,3,9,241,41
1320,3,10,22905,41
1321,3,21,1130,41
1322,13,21,310,41
1323,14,8,346,41
1324,14,24,11,41
1325,14,2,29,41
1326,14,10,13489,41
1327,14,17,23,41
1328,4,16,150,41
1329,4,9,251,41
1330,4,10,21294,41
1331,4,21,348675,41
1332,4,17,277,41
1333,8,10,387,41
1334,8,22,35,41
1335,8,17,12,41
1336,24,22,92,41
1337,16,9,134,41
1338,16,21,104,41
1339,10,22,61,41
1340,10,21,8179,41
1341,21,11,70,41
1342,18,17,143,42
1343,18,2,494,42
1344,18,10,819,42
1345,18,14,260,42
1346,18,22,1378,42
1347,19,10,58,42
1348,20,9,1411,42
1349,20,16,191,42
1350,20,23,8499,42
1351,20,21,2162,42
1352,20,4,1056,42
1353,23,3,8816,42
1354,23,4,134882,42
1355,23,16,283,42
1356,23,9,110,42
1357,23,21,15828,42
1358,3,16,15,42
1359,3,13,197,42
1360,3,21,733,42
1361,13,21,219,42
1362,13,4,3,42
1363,14,24,25,42
1364,14,10,738,42
1365,14,22,15,42
1366,4,16,246,42
1367,4,9,28864,42
1368,4,21,417146,42
1369,4,17,23,42
1370,8,24,330,42
1371,8,10,17,42
1372,16,9,2697,42
1373,16,21,282,42
1374,9,21,10226,42
1375,10,22,41,42
1376,10,17,105,42
1377,18,8,43,43
1378,18,3,4,43
1379,18,10,425,43
1380,18,14,701,43
1381,18,22,400,43
1382,20,9,10,43
1383,20,16,140,43
1384,20,23,606,43
1385,20,21,177,43
1386,23,3,5027,43
1387,23,4,464476,43
1388,23,8,81,43
1389,23,16,112,43
1390,23,9,193,43
1391,23,21,113997,43
1392,13,21,295,43
1393,14,10,89,43
1394,4,9,1929,43
1395,4,16,603,43
1396,4,21,412338,43
1397,8,17,2,43
1398,8,22,83,43
1399,8,11,24,43
1400,24,10,38,43
1401,16,9,197,43
1402,16,21,19,43
1403,16,11,28,43
1404,10,17,40,43
1405,10,22,64,43
1406,18,8,13,44
1407,18,19,830,44
1408,18,9,6,44
1409,18,3,128,44
1410,19,3,361620,44
1411,19,13,2251,44
1412,19,8,1232,44
1413,19,16,63,44
1414,19,9,2420,44
1415,19,17,4,44
1416,3,8,2367,44
1417,3,24,3,44
1418,3,16,19,44
1419,3,9,539,44
1420,3,17,3,44
1421,13,8,9,44
1422,4,17,35840,44
1423,4,24,526,44
1424,4,16,108,44
1425,4,9,244,44
1426,8,24,46,44
1427,8,9,359,44
1428,24,16,41,44
1429,24,9,239,44
1430,24,21,8,44
1431,24,17,409,44
1432,16,10,2,44
1433,16,21,89,44
1434,16,17,1092,44
1435,10,21,42,44
1436,21,17,62,44
1437,18,8,12,45
1438,18,19,324,45
1439,18,9,75,45
1440,18,3,241,45
1441,19,8,426,45
1442,19,9,128,45
1443,19,3,260180,45
1444,19,13,56,45
1445,3,9,352,45
1446,3,8,1178,45
1447,3,22,54,45
1448,4,17,33008,45
1449,4,24,151,45
1450,4,16,168,45
1451,8,24,10,45
1452,8,9,355,45
1453,8,17,3,45
1454,24,16,2142,45
1455,24,9,21,45
1456,24,22,164,45
1457,24,17,407,45
1458,16,17,83,45
1459,16,22,11,45
1460,10,21,11,45
1461,21,17,61,45
1462,18,8,4,46
1463,18,19,42,46
1464,18,9,6,46
1465,19,8,6520,46
1466,19,9,589,46
1467,19,3,155841,46
1468,19,24,56,46
1469,3,8,899,46
1470,3,16,24,46
1471,3,9,207,46
1472,4,17,459,46
1473,4,24,268,46
1474,4,16,375,46
1475,8,9,1563,46
1476,24,16,916,46
1477,24,9,115,46
1478,24,22,34,46
1479,24,21,271,46
1480,24,17,599,46
1481,16,17,520,46
1482,9,2,624,46
1483,22,17,6,46
1484,21,17,37,46
1485,18,20,667,47
1486,18,3,49,47
1487,18,9,132,47
1488,18,2,8,47
1489,18,10,2746,47
1490,18,22,26,47
1491,19,8,1368,47
1492,19,9,158,47
1493,19,3,90255,47
1494,20,8,725,47
1495,20,21,298,47
1496,20,4,1200,47
1497,20,24,305,47
1498,3,9,151,47
1499,3,8,368,47
1500,4,24,52,47
1501,4,11,38,47
1502,8,9,142,47
1503,8,2,22,47
1504,24,11,10,47
1505,24,21,25,47
1506,24,22,27,47
1507,9,2,435,47
1508,10,21,8,47
1509,18,17,12,48
1510,18,24,3,48
1511,18,3,33,48
1512,19,17,14,48
1513,19,20,12,48
1514,19,21,8,48
1515,23,24,2476,48
1516,23,3,437,48
1517,23,10,1810,48
1518,3,24,62,48
1519,13,8,32,48
1520,13,17,99774,48
1521,13,9,34,48
1522,8,17,1196,48
1523,8,9,10,48
1524,8,10,168,48
1525,9,2,258,48
1526,9,10,92,48
1527,9,21,299,48
1528,9,17,40,48
1529,2,22,24,48
1530,2,21,3053,48
1531,10,21,51,48
1532,18,17,2,49
1533,18,24,18,49
1534,18,23,166,49
1535,18,19,71,49
1536,19,20,43,49
1537,19,13,195,49
1538,19,8,953,49
1539,19,9,229,49
1540,19,17,618,49
1541,23,24,449,49
1542,23,3,58,49
1543,23,10,107857,49
1544,3,24,5,49
1545,3,10,422,49
1546,13,8,182,49
1547,13,9,104,49
1548,13,17,30444,49
1549,8,17,1037,49
1550,8,9,365,49
1551,8,10,11,49
1552,24,10,2061,49
1553,9,17,36,49
1554,1,18,15,5
1555,1,20,181,5
1556,1,23,356,5
1557,1,13,64,5
1558,1,7,827,5
1559,1,24,105,5
1560,1,16,19,5
1561,5,24,13,5
1562,5,16,25,5
1563,5,20,148,5
1564,5,14,34,5
1565,5,13,2,5
1566,8,6,39,5
1567,8,3,168,5
1568,8,4,52,5
1569,24,18,371,5
1570,24,23,1342,5
1571,24,14,23,5
1572,24,7,624,5
1573,24,16,933,5
1574,24,10,72,5
1575,24,11,34,5
1576,16,19,150,5
1577,16,23,11,5
1578,16,7,1602,5
1579,16,2,195,5
1580,16,10,90,5
1581,16,22,50,5
1582,16,21,75,5
1583,16,13,103,5
1584,9,6,174,5
1585,9,7,55,5
1586,9,3,66,5
1587,9,13,231,5
1588,9,21,42,5
1589,2,19,2,5
1590,2,7,15,5
1591,2,22,176486,5
1592,2,17,27,5
1593,2,11,188,5
1594,10,19,122,5
1595,10,3,2,5
1596,10,21,4,5
1597,10,17,108,5
1598,22,11,10,5
1599,22,7,41,5
1600,22,19,51,5
1601,21,19,287,5
1602,21,13,6,5
1603,21,17,51,5
1604,17,3,5,5
1605,11,18,196,5
1606,11,7,608,5
1607,18,20,346,5
1608,18,23,2368,5
1609,18,13,16449,5
1610,18,7,7127,5
1611,20,23,40,5
1612,20,13,21,5
1613,23,14,159,5
1614,23,7,996,5
1615,3,4,121,5
1616,3,6,16304,5
1617,13,14,31,5
1618,13,7,4652,5
1619,14,7,301,5
1620,4,6,269,5
1621,18,9,7,50
1622,18,24,6,50
1623,18,23,9,50
1624,19,8,811,50
1625,19,17,600,50
1626,19,20,22,50
1627,19,9,1379,50
1628,19,13,3,50
1629,20,17,65,50
1630,20,9,7,50
1631,20,13,181,50
1632,23,3,48,50
1633,23,24,156,50
1634,23,16,1809,50
1635,23,2,321,50
1636,23,10,16103,50
1637,23,11,1330,50
1638,3,10,153,50
1639,13,8,861,50
1640,13,17,12752,50
1641,13,9,389,50
1642,8,17,3337,50
1643,8,9,248,50
1644,24,16,463,50
1645,24,10,137,50
1646,16,2,90,50
1647,16,10,2696,50
1648,16,21,45,50
1649,9,2,6,50
1650,9,21,29,50
1651,9,17,986,50
1652,2,10,125,50
1653,2,22,45,50
1654,18,24,26,51
1655,18,23,218,51
1656,18,3,239,51
1657,19,8,395,51
1658,19,17,532,51
1659,19,20,189,51
1660,19,9,395,51
1661,19,13,1304,51
1662,20,17,11,51
1663,23,24,142,51
1664,23,16,1007,51
1665,23,2,46,51
1666,23,10,41252,51
1667,23,11,12029,51
1668,3,24,50,51
1669,3,16,181,51
1670,13,8,990,51
1671,13,9,261,51
1672,13,17,31273,51
1673,13,22,19,51
1674,8,16,76,51
1675,8,9,279,51
1676,8,2,173,51
1677,8,17,841,51
1678,24,11,58,51
1679,16,2,1232,51
1680,16,10,713,51
1681,16,11,704,51
1682,9,2,459,51
1683,9,22,7,51
1684,9,17,1038,51
1685,2,10,173,51
1686,2,22,74,51
1687,10,11,18587,51
1688,18,2,26,52
1689,18,3,101,52
1690,19,17,54,52
1691,19,13,426,52
1692,20,17,2210,52
1693,20,13,67,52
1694,23,11,14147,52
1695,23,10,16075,52
1696,3,11,31,52
1697,3,10,76,52
1698,13,8,829,52
1699,13,16,400,52
1700,13,9,399,52
1701,13,17,31680,52
1702,8,17,13,52
1703,8,16,183,52
1704,8,9,1306,52
1705,8,2,189,52
1706,24,11,20,52
1707,24,10,15,52
1708,16,9,15,52
1709,16,2,50,52
1710,16,10,4061,52
1711,16,22,13,52
1712,16,11,2867,52
1713,9,2,298,52
1714,9,10,105,52
1715,9,17,139,52
1716,2,10,4245,52
1717,2,17,13,52
1718,10,11,12096,52
1719,21,17,96,52
1720,1,18,164,6
1721,1,20,7,6
1722,1,23,579,6
1723,1,13,988,6
1724,1,7,3209,6
1725,1,24,78,6
1726,1,11,17,6
1727,5,18,3262,6
1728,5,20,1048,6
1729,5,23,62,6
1730,5,14,1839,6
1731,5,7,76,6
1732,5,16,8,6
1733,8,6,1428,6
1734,8,2,26,6
1735,8,9,29,6
1736,8,3,93,6
1737,8,4,83,6
1738,24,18,39,6
1739,24,19,14,6
1740,24,23,288,6
1741,24,14,57,6
1742,24,7,1424,6
1743,24,16,437,6
1744,24,9,226,6
1745,24,21,602,6
1746,24,11,573,6
1747,16,18,41,6
1748,16,23,18,6
1749,16,14,307,6
1750,16,6,18,6
1751,16,2,19,6
1752,16,22,110,6
1753,16,21,67,6
1754,9,3,115,6
1755,9,4,950,6
1756,9,6,451,6
1757,9,7,224,6
1758,9,2,16,6
1759,9,22,51,6
1760,9,21,4,6
1761,2,19,110,6
1762,2,4,7,6
1763,2,6,201,6
1764,2,7,2963,6
1765,2,22,97855,6
1766,2,17,19,6
1767,2,11,1230,6
1768,10,17,154,6
1769,10,21,33,6
1770,22,19,233,6
1771,22,3,13,6
1772,22,6,88,6
1773,22,7,7021,6
1774,22,21,302,6
1775,22,11,4649,6
1776,21,7,205,6
1777,21,17,45036,6
1778,17,19,4,6
1779,17,7,267,6
1780,11,7,170,6
1781,18,20,166,6
1782,18,23,23,6
1783,18,14,104,6
1784,18,7,993,6
1785,18,13,9595,6
1786,19,7,522,6
1787,23,14,10,6
1788,23,7,1060,6
1789,23,13,91,6
1790,3,6,33113,6
1791,3,4,67,6
1792,13,7,4667,6
1793,14,7,474,6
1794,4,6,2307,6
1795,1,18,361,7
1796,1,20,2050,7
1797,1,23,110,7
1798,1,13,449,7
1799,1,14,29,7
1800,1,7,4326,7
1801,1,2,171,7
1802,5,20,83,7
1803,5,22,23,7
1804,5,14,5,7
1805,8,19,60,7
1806,8,3,17,7
1807,8,4,10,7
1808,8,6,595,7
1809,8,24,7,7
1810,8,2,27,7
1811,8,22,408,7
1812,8,17,33,7
1813,24,18,1781,7
1814,24,19,477,7
1815,24,23,4289,7
1816,24,13,39,7
1817,24,14,56,7
1818,24,4,170,7
1819,24,7,85,7
1820,24,16,467,7
1821,24,9,282,7
1822,24,2,3011,7
1823,24,10,137,7
1824,24,22,2245,7
1825,24,21,92,7
1826,24,17,11,7
1827,16,23,283,7
1828,16,3,22,7
1829,16,13,1778,7
1830,16,14,6,7
1831,16,2,213,7
1832,16,10,80,7
1833,16,21,18,7
1834,16,17,30,7
1835,16,11,637,7
1836,9,3,6,7
1837,9,4,54200,7
1838,9,6,139,7
1839,9,2,15,7
1840,9,22,17,7
1841,9,17,43,7
1842,2,19,106,7
1843,2,23,43,7
1844,2,13,9,7
1845,2,7,45563,7
1846,2,22,212339,7
1847,2,21,321,7
1848,2,17,19,7
1849,2,11,761,7
1850,10,17,44,7
1851,10,22,22,7
1852,10,21,292,7
1853,22,23,1145,7
1854,22,7,2787,7
1855,22,21,2892,7
1856,22,11,442,7
1857,21,19,137,7
1858,21,11,78,7
1859,17,19,3,7
1860,11,23,52,7
1861,11,7,26,7
1862,18,20,12,7
1863,18,23,1934,7
1864,18,13,25064,7
1865,18,14,18,7
1866,18,4,20,7
1867,18,7,6215,7
1868,20,4,90,7
1869,23,13,143,7
1870,23,14,73,7
1871,23,7,102,7
1872,3,6,91605,7
1873,13,4,27,7
1874,13,7,90780,7
1875,14,7,422,7
1876,4,6,865,7
1877,1,18,488,8
1878,1,20,927,8
1879,1,13,449,8
1880,1,7,9108,8
1881,1,2,10,8
1882,1,22,220,8
1883,1,11,55,8
1884,5,18,98,8
1885,5,7,5,8
1886,5,20,3,8
1887,5,14,2,8
1888,8,6,382,8
1889,8,9,96,8
1890,8,3,185,8
1891,8,22,63,8
1892,24,19,8,8
1893,24,23,1397,8
1894,24,3,27,8
1895,24,7,1330,8
1896,24,16,207,8
1897,24,2,1092,8
1898,24,22,4154,8
1899,24,21,5,8
1900,24,11,95,8
1901,16,6,5,8
1902,16,23,3,8
1903,16,7,10,8
1904,9,6,3,8
1905,9,3,36,8
1906,2,18,49,8
1907,2,23,112,8
1908,2,7,59894,8
1909,2,22,278980,8
1910,10,17,10,8
1911,10,7,25,8
1912,10,21,36,8
1913,22,23,463,8
1914,22,7,15460,8
1915,22,11,2575,8
1916,21,17,42,8
1917,21,19,34,8
1918,21,7,103,8
1919,11,23,5,8
1920,18,20,246,8
1921,18,14,27,8
1922,18,4,441,8
1923,18,7,10708,8
1924,18,13,40023,8
1925,20,14,8,8
1926,20,4,237,8
1927,20,7,302,8
1928,20,13,189,8
1929,23,14,10,8
1930,23,7,2,8
1931,3,14,146,8
1932,3,4,86,8
1933,3,6,111107,8
1934,13,7,2335,8
1935,13,4,54,8
1936,14,7,16,8
1937,4,6,41,8
1938,18,20,2176,9
1939,18,23,18,9
1940,18,1,8198,9
1941,18,13,28177,9
1942,18,4,198,9
1943,18,7,9375,9
1944,18,24,7,9
1945,18,5,126,9
1946,20,1,262,9
1947,20,13,301,9
1948,20,4,518,9
1949,20,7,405,9
1950,20,5,294,9
1951,23,3,252,9
1952,3,8,879,9
1953,3,6,29308,9
1954,3,9,284,9
1955,3,22,113,9
1956,13,1,369,9
1957,13,5,47,9
1958,13,7,83067,9
1959,13,24,14,9
1960,13,16,41,9
1961,13,2,28,9
1962,13,22,448,9
1963,14,7,73,9
1964,4,7,247,9
1965,4,5,1022,9
1966,6,8,1192,9
1967,6,9,1160,9
1968,7,1,1775,9
1969,7,24,808,9
1970,7,16,27,9
1971,7,2,13844,9
1972,7,22,12344,9
1973,7,11,423,9
1974,7,5,42,9
1975,5,1,119,9
1976,5,16,19,9
1977,5,22,3,9
1978,24,1,28,9
1979,24,16,236,9
1980,24,9,6,9
1981,24,2,85,9
1982,24,10,102,9
1983,24,22,2735,9
1984,24,11,210,9
1985,16,1,4,9
1986,16,9,23,9
1987,16,22,1087,9
1988,9,2,12,9
1989,9,21,43,9
1990,2,1,26,9
1991,2,22,221146,9
1992,10,17,5,9
1993,10,21,45,9
1994,22,21,85,9
1995,22,11,404,9
1996,21,17,97,9
1997,1,11,36,9
